"timestamp","log_ecoli_reduction","log_ecoli","total_cod_mgcod_per_gvss","total_pn_to_ps","lb_cod_mgcod_per_gvss","lb_proteins_mg_per_gvss","lb_carbs_mg_per_gvss","tb_cod_mgcod_per_gvss","tb_proteins_mg_per_gvss","tb_carbs_mgcarb_per_gvss","tb_pn_to_ps","ABXA_DO_mg_per_L","ABXA_NO5_mgN_per_L","ABXA_NH3_mg_N_per_L","ABXC_NH3_mg_N_per_L","NSI_TEMP_C","Clarifier_X_SLR_ppd_sf","ABX_INF_FLOW_MGD","ABXA_AIRFLOW_SCFM","NSEC_ASRT","ASRT_d","floc_SRT_d","granule_SRT_d","AGS_weighted_SRT_d","floc_percent","granule_percent","system","day_of_week","month"
2022-06-20,6.16245161882783,9.40919123072135,741.6,0.64,20.38,9.54,11.36,721.18,199.37,313.47,0.64,0.485642168743619,0.0821900134144337,7.71501792070945,1.34373176835202,19.7253423603597,30.2943906386693,5.27426927089691,945.943166385369,5.233624617,4.546827934,4.381469758,7.332779594,4.648146895,90.96410909,9.03589091,"2","Mon","Jun"
2022-06-22,5.58561415677583,11.0806029026922,741.6,0.64,20.38,9.54,11.36,721.18,199.37,313.47,0.64,0.517245434900137,0.074927421116854,8.94970592831018,0.504653259680552,19.8609261340289,32.6060642202695,4.92858962665002,1189.63035078517,5.205192516,4.546827934,4.381469758,7.332779594,4.648146895,90.96410909,9.03589091,"2","Wed","Jun"
2022-06-27,5.97014514509039,9.45720044990771,793.6,0.77,63.32,25.24,23.91,730.26,234.82,313.9,0.75,0.597404194562137,0.121862175045545,9.45225523109121,1.08292235710617,20.0437393923876,30.6174075404803,5.36396328641309,1118.77656059577,5.261644595,4.546827934,4.381469758,7.332779594,4.648146895,90.96410909,9.03589091,"2","Mon","Jun"
2022-06-29,6.0255166898539,9.71715797434464,793.6,0.77,63.32,25.24,23.91,730.26,234.82,313.9,0.75,0.623707848694367,0.0520217176420422,8.90548746272766,1.44123703508116,20.2782128446356,31.395848274231,5.26396191583739,1191.01434085724,5.273046678,5.435043172,5.550285204,4.157995297,5.462121079,93.66768912,6.332310884,"2","Wed","Jun"
2022-07-06,5.57369579780446,10.2255710517052,793.6,0.77,63.32,25.24,23.91,730.26,234.82,313.9,0.75,0.530556951508684,0.00432633393335731,8.34812760669293,2.55497201693921,20.586976841644,32.5939650932948,4.9812183694707,1181.62097864262,5.905109127,5.807021802,5.589355202,13.81112341,6.107042302,93.70345786,6.29654214,"2","Wed","Jul"
2022-07-07,5.75730695507191,10.2784934531596,793.6,0.77,63.32,25.24,23.91,730.26,234.82,313.9,0.75,0.553307729873538,0.00766352720910106,7.97848176299475,1.11493548849116,20.7202016355263,32.5296964049339,4.78192091004716,1184.16149373298,5.677245714,5.807021802,5.589355202,13.81112341,6.107042302,93.70345786,6.29654214,"2","Thu","Jul"
2022-07-11,6.36957477176678,9.25913053614561,522.5,0.76,12.05,7.38,7.5,510.48,166.42,221.71,0.75,0.570072223946123,0.00425044693520021,7.66738144716358,2.87756108818708,21.4977251103086,32.2486258943876,4.69314232899083,1180.45023032126,5.747794925,5.807021802,5.589355202,13.81112341,6.107042302,93.70345786,6.29654214,"2","Mon","Jul"
2022-07-18,5.82812064849976,9.97114620100994,522.5,0.76,12.05,7.38,7.5,510.48,166.42,221.71,0.75,0.375753115976178,0.090136472029545,6.8897004954724,0.224545554137317,21.9488238063391,39.7463736136754,4.3930209769143,1117.0857940002,6.298794279,5.807021802,5.589355202,13.81112341,6.107042302,93.70345786,6.29654214,"2","Mon","Jul"
2022-07-20,6.91355239666646,9.75266466280154,522.5,0.76,12.05,7.38,7.5,510.48,166.42,221.71,0.75,0.333583428953078,0.0505194097311039,8.61682839348335,0.295062481459602,22.0987512171744,39.9119756619136,4.18236385037502,1132.85104837318,6.28477621,5.807021802,5.589355202,13.81112341,6.107042302,93.70345786,6.29654214,"2","Wed","Jul"
2022-07-25,5.61936513284362,9.95227771670556,420.2,0.92,11.49,3.92,4.91,408.66,208.4,225.01,0.93,0.247324606262983,0.00471703586391293,9.61754510265924,3.63599416241455,21.7818165203922,41.680146018664,4.28249889049265,894.608510052102,6.172447578,5.807021802,5.589355202,13.81112341,6.107042302,93.70345786,6.29654214,"2","Mon","Jul"
2022-07-27,5.76395099612265,9.75266466280154,420.2,0.92,11.49,3.92,4.91,408.66,208.4,225.01,0.93,0.195233585638684,0.00312114005421281,9.18119932784257,2.55427768379424,21.851135578091,43.5556356112162,4.03604723008143,815.305070748116,5.891679704,5.807021802,5.589355202,13.81112341,6.107042302,93.70345786,6.29654214,"2","Wed","Jul"
2022-08-01,6.07575026982603,9.89847501071258,478.1,1.22,9.1,3.97,5.23,469.04,198.42,160.98,1.23,0.212281181968018,0.00386234870888394,9.98441373616751,3.44105980087033,22.0344807885311,42.0676828225454,4.10274080153969,753.993808746597,6.468935759,5.807021802,5.589355202,13.81112341,6.107042302,93.70345786,6.29654214,"2","Mon","Aug"
2022-08-03,5.1210122200421,10.8532130604965,478.1,1.22,9.1,3.97,5.23,469.04,198.42,160.98,1.23,0.196841136587564,0.00384504673675003,11.1402431840839,5.03000240215408,22.1873254367375,42.4017237822215,4.11435856396953,922.948251011647,6.075284588,5.807021802,5.589355202,13.81112341,6.107042302,93.70345786,6.29654214,"2","Wed","Aug"
2022-08-08,7.15835567652939,9.14206153122289,516,1.09,18.63,13.56,8.21,497.33,230.49,215.65,1.07,0.396726725310255,0.00331091723322926,9.06771561475505,2.16466781574785,22.0048001084453,43.1803809801737,4.0295007057488,1207.537254177,5.65365482,5.807021802,5.589355202,13.81112341,6.107042302,93.70345786,6.29654214,"2","Mon","Aug"
2022-08-10,7.86409351198557,9.13776967914135,516,1.09,18.63,13.56,8.21,497.33,230.49,215.65,1.07,0.231123691374403,0.0105087570830393,8.30672263806466,3.22786026240222,22.3975381173873,45.5472176472346,3.94121845621202,1181.95870355485,6.042097224,5.807021802,5.589355202,13.81112341,6.107042302,93.70345786,6.29654214,"2","Wed","Aug"
2022-08-15,7.16542145549365,7.93379687481541,464.8,1.11,12.02,7.97,8.68,452.77,215.87,192.15,1.12,0.514469880210819,0.0506583259727405,8.74363404937735,1.51507506456122,22.4786571964004,43.1935768524806,3.95523238562875,1377.77291695766,6.332788256,5.807021802,5.589355202,13.81112341,6.107042302,93.70345786,6.29654214,"2","Mon","Aug"
2022-08-22,7.6172008412752,8.35702443926342,646.9,1.11,51.23,10.08,8.68,595.68,306.5,192.15,1.12,0.741746095039958,0.0695019016491503,9.30430423007967,1.09924878598275,22.5284301235116,42.6779902378718,3.80934870483147,1379.16224448575,5.964330294,5.807021802,5.589355202,13.81112341,6.107042302,93.70345786,6.29654214,"2","Mon","Aug"
2022-08-29,6.74849899511918,9.28730141311231,587.3,1.11,33.06,3.94,8.68,554.28,278.35,192.15,1.12,0.531935749704195,0.102846432537301,9.5297744551271,0.92599544029127,22.5368138559856,50.2013643582662,4.33906873895062,1420.70488281602,8.66583996,5.807021802,5.589355202,13.81112341,6.107042302,93.70345786,6.29654214,"2","Mon","Aug"
2022-08-31,2.12026353620009,9.16951837745593,587.3,1.11,33.06,3.94,8.68,554.28,278.35,192.15,1.12,0.596141665266764,0.026095299974025,9.59573840824335,1.8353026658465,22.8313314319061,52.3241025209427,4.07902987342742,1413.4946586015,8.91417013,5.807021802,5.589355202,13.81112341,6.107042302,93.70345786,6.29654214,"2","Wed","Aug"
2022-09-07,5.7393734197589,9.82010594359708,547.8,1.11,29.89,3.94,8.68,517.9,278.35,192.15,1.12,0.480947971661743,0.0125426721916056,8.9442265916497,0.00689890424495707,22.9725984163186,52.2647870779037,3.60901928585437,1350.86454062018,10.20135096,5.807021802,5.589355202,13.81112341,6.107042302,93.70345786,6.29654214,"2","Wed","Sep"
2022-09-12,4.60517018598809,10.1658518170036,615.7,1.11,43.86,3.94,8.68,571.8,278.35,192.15,1.12,0.378135758920158,0.0311942828943296,7.85508197794085,1.88275467926778,22.4560242278843,57.1649105548859,4.02840335559514,1326.72451140942,11.07879779,11.85937866,5.589355202,13.81112341,6.107042302,86.39538451,13.60461549,"2","Mon","Sep"
2022-09-14,0.926241062727325,10.5966347330961,615.7,1.11,43.86,3.94,8.68,571.8,278.35,192.15,1.12,0.383938483065011,0.0247468060763945,9.2695133228856,0.25469545854217,22.5943879120542,59.1462706724803,4.13623533017106,1314.21375669321,6.250786541,5.366021547,4.934973947,8.843277464,5.645346332,81.82402205,18.17597795,"2","Wed","Sep"
2022-09-19,3.11401794807494,9.08704215563169,574.1,1.11,22.43,3.94,8.68,551.68,278.35,192.15,1.12,0.335745603772717,0.0395110846210568,13.2828221912983,2.95322993201957,22.6026753727081,63.9111087322235,4.24846507865522,1323.18143214586,5.716640335,5.366021547,4.934973947,8.843277464,5.645346332,81.82402205,18.17597795,"2","Mon","Sep"
2022-09-21,6.12977616290549,9.61580548008435,574.1,1.11,22.43,3.94,8.68,551.68,278.35,192.15,1.12,0.388796993265968,0.0752635930429757,12.8926194929745,1.21586033459944,22.3541679593403,65.4596987565358,4.16789208675424,1377.81312345142,5.543009612,5.256593709,5.005520329,7.335789711,5.355903414,84.96383776,15.03616224,"2","Wed","Sep"
2022-09-26,7.14661052970111,8.82761475083751,574.1,1.11,22.43,3.94,8.68,551.68,278.35,192.15,1.12,0.3813582861909,0.0637478185267618,10.2983359651348,3.02890906587758,22.3132664247837,63.8595418135325,4.73191185519099,1523.55734815158,4.799723411,5.256593709,5.005520329,7.335789711,5.355903414,84.96383776,15.03616224,"2","Mon","Sep"
2022-09-29,7.49980634267071,8.96187901267768,574.1,1.11,22.43,3.94,8.68,551.68,278.35,192.15,1.12,0.467508672576421,0.0160441647306881,11.5658283820611,0.607985030298278,22.2754104465933,60.1917326847712,4.3980733687679,1539.82886718763,4.906965224,5.256593709,5.005520329,7.335789711,5.355903414,84.96383776,15.03616224,"2","Thu","Sep"
2022-10-03,6.93307308696643,9.36734412078585,574.1,1.11,22.43,3.94,8.68,551.68,278.35,192.15,1.12,0.420529366477553,0.00599400090758105,10.5080655245077,0.838491550160841,22.1706851328844,57.5592913627625,5.09034929590093,1580.12754157126,4.937372626,5.256593709,5.005520329,7.335789711,5.355903414,84.96383776,15.03616224,"2","Mon","Oct"
2022-10-13,6.88492323693949,9.08930204359913,574.1,1.11,22.43,3.94,8.68,551.68,278.35,192.15,1.12,0.502132269774691,0.00336593718164652,10.5789665369462,0.137638571059621,21.4408983136106,59.7307099501292,4.79281460096439,1602.69514908096,4.164562583,5.256593709,5.005520329,7.335789711,5.355903414,84.96383776,15.03616224,"2","Thu","Oct"
2022-10-18,7.83338702324943,9.16847616787748,574.1,1.11,22.43,3.94,8.68,551.68,278.35,192.15,1.12,0.554780719488712,0.00272521010618438,11.5350804657328,1.72455254418113,21.4128358966333,57.674636443456,5.04747103262279,1593.75224493052,5.205055027,6.22483699,5.837486576,11.05573931,6.525447595,86.81625722,13.18374278,"2","Tue","Oct"
2022-10-26,6.62858389619826,8.73873546136347,574.1,1.11,22.43,3.94,8.68,551.68,278.35,192.15,1.12,0.720340196585474,0.0237280556582969,13.0521451329879,3.74181935125972,21.015096542986,47.8637227416039,5.68150607877307,1586.97886224644,4.215655079,6.22483699,5.837486576,11.05573931,6.525447595,86.81625722,13.18374278,"2","Wed","Oct"
2022-11-02,6.87266395917087,9.35876037709446,574.1,1.11,22.43,3.94,8.68,551.68,278.35,192.15,1.12,0.582978688320905,0.00046227249120731,12.1690955260619,1.93553523318367,20.772459415167,54.4987780650457,5.78547268559535,1617.7255609197,5.239881269,6.22483699,5.837486576,11.05573931,6.525447595,86.81625722,13.18374278,"2","Wed","Nov"
2022-11-03,4.77780904206563,9.14206153122289,574.1,1.11,22.43,3.94,8.68,551.68,278.35,192.15,1.12,0.611094795460294,0.018087541367244,11.873726803349,0.658957191728597,20.4320650683647,56.3581502834956,7.00875414924489,1673.98105269656,6.090080256,6.22483699,5.837486576,11.05573931,6.525447595,86.81625722,13.18374278,"2","Thu","Nov"
2022-11-08,7.72836076072188,8.07090608878782,574.1,1.11,22.43,3.94,8.68,551.68,278.35,192.15,1.12,0.575345420550027,0.00247896123864151,12.7604844779389,0.973077390151608,20.1976622055043,59.7414935032527,5.37318519262804,1665.91320320843,6.051261792,5.628875342,5.512476926,6.77567323,5.652589752,88.90807186,11.09192814,"2","Tue","Nov"
2022-11-10,5.19823390799105,8.39162996844089,574.1,1.11,22.43,3.94,8.68,551.68,278.35,192.15,1.12,0.471550430077746,-0.00080083365165186,12.9349750436997,2.16226947028004,19.9022679683597,60.7525877157847,5.12371230497956,1610.35805128344,5.799733105,5.628875342,5.512476926,6.77567323,5.652589752,88.90807186,11.09192814,"2","Thu","Nov"
2022-11-15,7.5231247584994,8.39162996844089,574.1,1.11,22.43,3.94,8.68,551.68,278.35,192.15,1.12,0.656510071803902,0.0485540443788838,12.8002496530217,0.267351152386297,19.3587444041752,60.4446600278219,4.93962121365799,1660.97808616915,4.38691182,4.139159011,3.769248926,7.428560292,4.433127593,81.85782514,18.14217486,"2","Tue","Nov"
2022-11-17,8.39583233441197,8.1605182474775,574.1,1.11,22.43,3.94,8.68,551.68,278.35,192.15,1.12,0.628466369301676,0.3939743467926,14.3421567581352,0.440712550506385,19.1714711466166,56.7129327058792,4.99901030022237,1603.42485041205,4.704221179,4.951025022,4.383980154,10.07580886,5.537970626,79.72548838,20.27451162,"2","Thu","Nov"
2022-11-29,8.54448533370424,7.83597458172157,295,2.81,52.59,21.29,5.23,242.41,81.73,31.5,2.59,0.5755814383446,0.341824345914879,13.0994134941838,3.82516435161865,18.0345560090737,46.7434000968933,5.16679091312819,1444.70742927887,5.069929063,5.031122669,4.377599605,9.481610974,5.609223612,75.86948935,24.13051065,"2","Tue","Nov"
2022-12-01,4.99761992598419,8.4424696452203,295,2.81,52.59,21.29,5.23,242.41,81.73,31.5,2.59,0.879944958780498,0.439597954258374,12.2106920376193,1.43860734591764,18.0209917277615,46.9551369746526,5.30738185139166,1855.55515168568,4.482187554,5.031122669,4.377599605,9.481610974,5.609223612,75.86948935,24.13051065,"2","Thu","Dec"
2022-12-06,8.69786322017172,8.3039999709552,309.4,3.39,30.62,15.48,2.72,278.82,97.4,30.55,3.19,0.731053791095319,1.09736722152734,14.8437426400799,1.12569950834386,17.8678607940674,46.6728796362877,5.6627776371936,1934.12777320036,4.218125343,4.499694287,3.74746401,8.156367311,5.11099363,69.07326999,30.92673001,"2","Tue","Dec"
2022-12-08,6.59115855861081,7.89729647259588,309.4,3.39,30.62,15.48,2.72,278.82,97.4,30.55,3.19,0.789960394985847,0.807288847151497,13.6142298637138,0.453388821896991,17.6800850602126,44.4934642712275,5.79949053939846,1978.01649339661,4.794839322,4.499694287,3.74746401,8.156367311,5.11099363,69.07326999,30.92673001,"2","Thu","Dec"
2022-12-13,7.51024809127395,8.00636756765025,167.3,2.94,13.28,5.63,1.35,154.07,55.95,19.63,2.85,0.584354412063286,1.06687359243293,13.6390064411199,0.91190426781485,17.4540191348125,44.5366260210673,5.80990339997742,1677.43720646651,5.107089709,5.172085903,4.027678356,10.18978772,6.282333479,63.41098496,36.58901504,"2","Tue","Dec"
2022-12-20,7.09170948919998,8.53699581871242,257.1,2.61,15.33,5.61,1.58,241.8,78.87,30.75,2.56,0.650391751042936,0.898413217472018,11.0737751550782,1.05369706256481,16.9698593695131,45.8487191200256,5.53378381704291,1899.22423997073,5.31723819,5.172085903,4.027678356,10.18978772,6.282333479,63.41098496,36.58901504,"2","Tue","Dec"
2022-12-27,6.78137373807052,8.79026911147866,257.1,2.61,15.33,5.61,1.58,241.8,78.87,30.75,2.56,0.939353363499978,1.41254033547369,9.46050135424357,0.187138422117672,16.2065338459625,39.630246758461,5.13169210826357,1806.87467353299,5.59993171,5.221949194,3.893108465,11.88866791,6.918443554,62.16230885,37.83769115,"2","Tue","Dec"
2023-01-03,1.538644860443,8.62335338724463,220.1,1.92,13.64,5.78,2.12,206.49,72.73,38.74,1.88,0.965571422676588,1.31488624224109,9.69965973130914,0.339041516481722,16.0012587653904,38.6979114214579,5.00883279509015,1622.49315005008,4.693127341,4.565908447,3.68002267,9.465051103,5.516448925,68.25553622,31.74446378,"2","Tue","Jan"
2023-01-05,7.80460805869939,9.19725513242753,220.1,1.92,13.64,5.78,2.12,206.49,72.73,38.74,1.88,0.893992032901862,0.809880854387882,8.61464571991951,1.75206752715876,15.9429433806584,38.373907327652,4.91302161125673,1670.99824257411,5.001146009,5.287001584,3.916520044,16.4211553,8.173165298,65.95946089,34.04053911,"2","Thu","Jan"
2023-01-10,6.21460809842219,8.89562962713648,220.1,1.92,13.64,5.78,2.12,206.49,72.73,38.74,1.88,0.510404933344349,0.645368715141708,11.0640470828399,1.16727318833011,15.7875932695275,42.5948242346446,5.4392129558656,1327.73847233952,5.095669328,4.855392724,3.627159515,14.14547846,7.4641111,63.52124701,36.47875299,"2","Tue","Jan"
2023-01-12,1.91959284073794,9.0825070004663,492.2,2.84,117.37,26.58,7.65,374.79,113.15,41.54,2.72,0.60107239596776,0.967979361833813,12.397853295242,0.507327629926888,15.8866369461586,41.4220377206802,5.14897468636433,1343.74279602111,5.022693537,4.855392724,3.627159515,14.14547846,7.4641111,63.52124701,36.47875299,"2","Thu","Jan"
2023-01-17,6.82400592157889,8.46168048148598,492.2,2.84,117.37,26.58,7.65,374.79,113.15,41.54,2.72,0.879879261148016,0.620363265409586,11.8899870126191,0.553133089691945,15.652280721617,42.4771491289139,5.12844848160942,1955.95195067364,5.130894306,4.855392724,3.627159515,14.14547846,7.4641111,63.52124701,36.47875299,"2","Tue","Jan"
2023-01-20,7.41356836092458,9.39266192877014,470.8,2.86,107.09,23.53,7.84,363.68,115.67,40.84,2.83,1.01983139182171,1.16011665674709,11.9296970849771,0.278272451800017,15.5408212435373,39.8161696990331,4.81155928282274,1779.37286037566,4.346598096,4.855392724,3.627159515,14.14547846,7.4641111,63.52124701,36.47875299,"2","Fri","Jan"
2023-01-24,5.49534507073169,10.0212705881925,495.8,3.22,92.22,22.61,6.7,403.55,125.85,39.36,3.2,1.12012745623508,0.398933688578653,11.3507490156704,1.21072010655689,15.4602674280605,35.5527430375417,4.60885069320599,1606.42979767453,4.444515355,5.710757555,4.253340837,15.89291366,8.30929976,65.15371324,34.84628676,"2","Tue","Jan"
2023-01-27,5.44247250654362,9.66776521901506,495.8,3.22,92.22,22.61,6.7,403.55,125.85,39.36,3.2,1.43730897022708,1.42935325851202,9.88095600105979,0.342077310145991,15.3103007395769,30.6785276333491,5.13575940305988,1541.88269743047,4.664004715,5.710757555,4.253340837,15.89291366,8.30929976,65.15371324,34.84628676,"2","Fri","Jan"
2023-01-31,4.31672153626612,10.6805162170768,538.8,2.9,99.01,16.08,5.23,439.78,124.83,43.31,2.88,1.4249401038202,1.03607920185679,11.2506911787602,1.04348249228285,14.9516720362827,30.7528800964355,5.7900084655318,1413.57341499495,4.753262861,5.585323269,4.031475602,16.30849321,8.568529752,63.04432969,36.95567031,"2","Tue","Jan"
2023-02-02,6.20286628054551,8.95027346655738,538.8,2.9,99.01,16.08,5.23,439.78,124.83,43.31,2.88,1.32841945378107,0.614626428300656,9.86113103200182,0.71292977215617,15.0946356338466,30.7528800964355,5.55885251760483,1533.2198917739,5.49482811,5.949377784,4.518424588,15.25841992,8.188402451,65.82886912,34.17113088,"2","Thu","Feb"
2023-02-07,7.93218527092107,8.1461295100254,488,2.71,80.76,14.32,4.56,407.2,115.62,43.39,2.66,1.14591339330314,1.06864421669926,9.1666245445355,0.22652299521456,15.112418569301,30.7528800964355,4.07050759618481,1416.85680918509,5.929012202,6.082019469,5.001477633,15.89507368,7.825423228,74.077012,25.922988,"2","Tue","Feb"
2023-02-09,5.87534362747001,8.97335141383992,488,2.71,80.76,14.32,4.56,407.2,115.62,43.39,2.66,0.802974117980305,0.80331049358925,9.70342482539846,0.93032976982065,15.0524283817245,30.7528800964355,4.08610578245587,1239.76818166638,6.089833575,6.937066869,4.927046005,25.78557204,12.39843683,64.18063857,35.81936143,"2","Thu","Feb"
2023-02-14,7.82241867119692,8.21338173703457,468.1,3.32,110.1666667,23.66316667,6.686666667,357.9166667,113.1076667,34.45933333,3.28,1.16961713998031,0.934102503620165,9.30486558625854,0.517925260531645,15.1464207205507,30.7528800964355,4.20491539438566,1466.61066172252,6.205394365,6.676825341,4.956780774,21.62385937,10.52739254,66.57715545,33.42284455,"2","Tue","Feb"
2023-02-16,8.11855404837847,7.97933889526233,468.1,3.32,110.1666667,23.66316667,6.686666667,357.9166667,113.1076667,34.45933333,3.28,1.66273751443469,1.54430527387002,9.83260054255418,0.344460605979359,14.954986552475,30.7528800964355,4.70166995177666,1459.35327697545,5.832353909,5.66057027,4.494745118,15.37010631,7.660301887,70.89239877,29.10760123,"2","Thu","Feb"
2023-02-21,7.53964357865487,8.1461295100254,468.1,3.32,110.1666667,23.66316667,6.686666667,357.9166667,113.1076667,34.45933333,3.28,1.40082498491697,1.44886185860227,11.1026700090293,0.452358066598036,15.152839039323,30.7528800964355,5.46965261697769,1417.22151152835,5.368810204,5.882544085,4.433475767,14.87330743,8.097271275,64.90560744,35.09439256,"2","Tue","Feb"
2023-02-24,7.60307401305559,7.74066440191724,530.1,3.38,99.64968153,21.39745223,5.491719745,430.4140127,145.2038217,43.77343949,3.32,1.15584742038725,1.41013450540209,10.1863796858506,0.471003666295917,14.7216824865148,30.7528800964355,4.72121640460359,1061.48641546675,5.621076244,5.882544085,4.433475767,14.87330743,8.097271275,64.90560744,35.09439256,"2","Fri","Feb"
2023-02-28,4.89558823825875,10.5050675395706,546.7,3.34,150.5625,35.332125,9.7395,396.09375,118.9453125,36.4198125,3.27,1.93125756782617,1.17721703015842,8.90406748179092,0.927868052983081,14.2745543493786,30.7528800964355,4.14608124229643,1463.75547910698,4.907490497,5.044052182,3.69974196,17.17627523,8.277458752,66.03194086,33.96805914,"2","Tue","Feb"
2023-02-28,4.89558823825875,10.5050675395706,504.3,3.79,127.7689243,23.15737052,5.968685259,376.4940239,139.4421514,36.91410359,3.78,1.93125756782617,1.17721703015842,8.90406748179092,0.927868052983081,14.2745543493786,30.7528800964355,4.14608124229643,1463.75547910698,4.907490497,5.044052182,3.69974196,17.17627523,8.277458752,66.03194086,33.96805914,"2","Tue","Feb"
2023-03-02,7.10727819813464,8.06148686687133,504.3,3.79,127.7689243,23.15737052,5.968685259,376.4940239,139.4421514,36.91410359,3.78,2.13862295388455,1.32662841254331,8.02435427546505,0.479486478684782,14.8174240728764,30.7528800964355,3.91088460584482,1420.62300518922,5.156934909,6.416860383,4.665801875,27.77818015,12.2460227,67.20276584,32.79723416,"2","Thu","Mar"
2023-03-09,3.2271746276829,8.47637119689598,504.3,3.79,127.7689243,23.15737052,5.968685259,376.4940239,139.4421514,36.91410359,3.78,1.29516312274982,1.19089284881113,9.57581718801293,0.828375062876729,15.0098948566186,30.7528800964355,4.89267338762681,1590.75773173887,4.896701195,5.738936394,4.323005122,21.07414099,9.52249388,68.96038096,31.03961904,"2","Thu","Mar"
2023-03-14,7.10354394684698,8.52516136106541,551.2,2.8,143.3333333,29.25789474,9.168421053,407.8947368,143.5491228,52.57017544,2.73,0.801568391551098,0.796943461643865,12.2552520428202,1.29792592600951,15.1905896928023,30.7528800964355,4.63504126841823,1398.0253765998,4.664367507,5.738936394,4.323005122,21.07414099,9.52249388,68.96038096,31.03961904,"2","Tue","Mar"
2023-03-16,6.94971947808117,8.1605182474775,551.2,2.8,143.3333333,29.25789474,9.168421053,407.8947368,143.5491228,52.57017544,2.73,1.23176931272064,0.7742572402988,10.757052790489,0.562944494436729,15.1230276544749,30.7528800964355,4.30420929450128,1677.18736055268,4.49999049,5.870316435,4.411673175,20.67091083,9.547935437,68.41019013,31.58980987,"2","Thu","Mar"
2023-03-21,6.2582513881541,8.59044365315583,551.2,2.8,143.3333333,29.25789474,9.168421053,407.8947368,143.5491228,52.57017544,2.73,1.19743624758314,0.678339665254355,11.752741235335,0.92263572384341,15.3514148295904,30.7528800964355,4.1899754313959,1600.09893478859,5.05227222,4.523057748,3.32140383,16.97773006,7.831926795,66.97118325,33.02881675,"2","Tue","Mar"
2023-03-24,3.35923318256312,8.79026911147866,551.2,2.8,143.3333333,29.25789474,9.168421053,407.8947368,143.5491228,52.57017544,2.73,1.57620081519061,0.805567298724083,11.0261265085521,0.497705312105625,15.364377750184,30.7528800964355,4.68791340738535,1540.29632513792,4.8253495,4.523057748,3.32140383,16.97773006,7.831926795,66.97118325,33.02881675,"2","Fri","Mar"
2023-03-28,1.71479842809193,9.51044496442652,516.9,2.29,136.1538462,23.54,9.103333333,380.7692308,101.9407692,45.61282051,2.23,1.72113527655241,0.665401563553126,13.872995686766,2.73995457419563,15.3277147283709,30.7528800964355,6.20223832362228,1409.76662240439,5.387410901,5.017945827,3.585834922,21.63526207,9.760492003,65.7902878,34.2097122,"2","Tue","Mar"
2023-03-30,6.40308352079052,8.59415423255237,516.9,2.29,136.1538462,23.54,9.103333333,380.7692308,101.9407692,45.61282051,2.23,1.96715747056215,1.1903194487272,11.4309441470739,2.96114153858602,15.514127493043,30.7528800964355,5.34711678160561,1495.8798638101,7.293841815,7.546780547,5.777522011,34.49467419,13.86441368,71.83950685,28.16049315,"2","Thu","Mar"
2023-04-04,7.26630346730255,8.47637119689598,462.2,2.24,120.3308824,21.30816176,9.078529412,341.9117647,89.53742647,40.33345588,2.22,1.63230767409087,1.34095750444086,11.2857430761123,2.38995794593233,15.4353837379192,30.7528800964355,5.75302548408508,1455.39560730164,5.70134812,4.797559374,3.414970189,26.14309138,10.9490417,66.85132287,33.14867713,"2","Tue","Apr"
2023-04-06,6.50798355754216,8.72095002893026,462.2,2.24,120.3308824,21.30816176,9.078529412,341.9117647,89.53742647,40.33345588,2.22,1.53044753087577,1.63650807010968,10.1254657910479,1.70903364339092,15.6987112806211,30.7528800964355,5.41054118408097,1388.55278871809,5.846263238,8.183919649,5.049844605,47.41520209,23.20774546,57.13974357,42.86025643,"2","Thu","Apr"
2023-04-11,6.59971228388144,8.36637030168165,433.2,2.19,105.7142857,15.96461538,6.471208791,327.4725275,87.3778022,40.65604396,2.15,0.802320874825839,0.83063424873934,12.3347049247897,2.83238905375545,16.1645908261891,30.7528800964355,5.90043886767493,1324.07419393422,5.726545631,4.531352791,3.258167455,23.53468604,9.870766064,67.38789955,32.61210045,"2","Tue","Apr"
2023-04-18,6.72735126831745,8.55833513474741,501,2.41,142.25,24.0625,7.989,358.75,100.78125,43.74525,2.3,1.49286250688684,1.22990952073163,11.1871645070387,0.249136054446637,10.1933271765646,30.7528800964355,5.67614729205767,1636.33869416532,6.043034883,4.509871537,2.958463818,21.64658766,10.40494714,60.15392778,39.84607222,"2","Tue","Apr"
2023-04-20,7.58873192392183,8.50916101971897,501,2.41,142.25,24.0625,7.989,358.75,100.78125,43.74525,2.3,1.54375388785372,1.18539785306798,11.6225227633433,0.714141516540029,16.4939358683769,30.7528800964355,5.56131768723329,1587.69587654902,6.302853799,5.780407123,3.957525915,27.40319366,12.59926441,63.14142727,36.85857273,"2","Thu","Apr"
2023-04-25,7.50784438375648,8.23483028044206,368.9,2.46,63.34459459,10.89527027,4.055675676,305.5743243,97.23405405,39.91195946,2.44,1.41002476774185,1.10622570569487,12.7411707505734,2.15486495747962,16.6056912177398,30.7528800964355,6.38222062653965,1722.24533787133,6.975357774,7.402878933,5.058518745,37.88252947,17.05524255,63.4513774,36.5486226,"2","Tue","Apr"
2023-04-28,6.03815166108063,8.8246778911642,368.9,2.46,63.34459459,10.89527027,4.055675676,305.5743243,97.23405405,39.91195946,2.44,1.77794880881483,1.04813047660767,11.1190970515119,1.43027064422335,16.3024072783689,30.7528800964355,5.86709019782235,1689.16945775162,6.432123239,7.402878933,5.058518745,37.88252947,17.05524255,63.4513774,36.5486226,"2","Fri","Apr"
2023-05-02,7.27649436084773,8.24012129807647,368.9,2.46,63.34459459,10.89527027,4.055675676,305.5743243,97.23405405,39.91195946,2.44,1.3947636340892,1.16211879357085,12.6532952564025,1.27704961978612,16.8399030287595,30.7528800964355,6.23971346252494,1701.18954623367,5.437840494,5.98884943,3.758997837,27.21783795,13.89312126,56.8004071,43.1995929,"2","Tue","May"
2023-05-04,4.49710539980063,8.65869275368994,368.9,2.46,63.34459459,10.89527027,4.055675676,305.5743243,97.23405405,39.91195946,2.44,1.24193728293385,1.09243945234487,11.9063717287632,1.47233670384305,17.0453096580847,30.7528800964355,6.03899626069599,1691.76047328093,5.571284025,7.035265367,3.760421481,32.49472298,18.88638182,47.35922036,52.64077964,"2","Thu","May"
2022-06-20,5.55037226135667,10.0212705881925,552.8,0.68,23.42,11.94,12.51,529.41,152.51,229.51,0.66,0.411031237896105,0.602929779778951,8.08393062240988,0.878206370571003,19.7253423603597,34.9454040527344,16.9162460091044,693.491507231498,5.483099937,5.430590961,5.430590961,5.8125712,5.455693261,93.42837747,6.571622528,"9","Mon","Jun"
2022-06-22,4.89092733003029,11.7752897294377,552.8,0.68,23.42,11.94,12.51,529.41,152.51,229.51,0.66,0.425469309525712,0.662751495300604,8.03521760862376,1.58707634567071,19.8609261340289,37.7960019508998,16.9155072467937,801.420992875954,5.869531631,5.430590961,5.430590961,5.8125712,5.455693261,93.42837747,6.571622528,"9","Wed","Jun"
2022-06-27,5.93182628078825,9.49551931420985,843.6,0.75,45.25,20.34,19.57,798.31,248.04,337.03,0.74,0.429525539583276,0.165076016795455,7.75396355833674,0.945355456014915,20.0437393923876,37.010151942571,16.8051847791929,748.97420634152,6.107087135,5.430590961,5.430590961,5.8125712,5.455693261,93.42837747,6.571622528,"9","Mon","Jun"
2022-06-29,5.88000910618266,9.86266555801587,843.6,0.75,45.25,20.34,19.57,798.31,248.04,337.03,0.74,0.380263502703362,0.0467310692567546,7.99183224118179,1.32800814328119,20.2782128446356,37.3783077001572,16.8144103258094,738.031797744742,6.172461033,6.535531988,6.535531988,6.891752652,6.553944309,94.83120358,5.168796424,"9","Wed","Jun"
2022-07-06,5.58829459722561,10.2109722522841,843.6,0.75,45.25,20.34,19.57,798.31,248.04,337.03,0.74,0.490205889240401,0.048220349411705,7.17633732086627,0.336963074091715,20.586976841644,35.6121994455655,16.917146190027,935.719250517768,5.027859688,5.276965895,5.276965895,5.492118326,5.285394441,96.08252376,3.917476238,"9","Wed","Jul"
2022-07-07,5.35528419115472,10.6805162170768,843.6,0.75,45.25,20.34,19.57,798.31,248.04,337.03,0.74,0.441317037359426,0.00428904890093699,7.16090573344473,0.2816331601131,20.7202016355263,35.300632417202,16.6319371998387,825.307281236693,5.253442287,5.276965895,5.276965895,5.492118326,5.285394441,96.08252376,3.917476238,"9","Thu","Jul"
2022-07-11,5.59418949296986,10.0345158149425,550.8,0.71,12.99,6.52,7.29,537.85,170.01,242.77,0.7,0.338628156592322,0.0130701043528936,7.50826072733998,1.18133283366469,21.4977251103086,36.0947913726171,16.5264879220092,675.453377722414,5.948667526,5.276965895,5.276965895,5.492118326,5.285394441,96.08252376,3.917476238,"9","Mon","Jul"
2022-07-18,6.11892284828778,9.68034400122192,550.8,0.71,12.99,6.52,7.29,537.85,170.01,242.77,0.7,0.306024962574565,0.0222730720418722,7.51084730812133,1.11551673882792,21.9488238063391,37.6279565294584,16.6231555309757,742.821176375523,5.989862919,5.276965895,5.276965895,5.492118326,5.285394441,96.08252376,3.917476238,"9","Mon","Jul"
2022-07-20,6.58877619980844,10.0774408596596,550.8,0.71,12.99,6.52,7.29,537.85,170.01,242.77,0.7,0.394960955266227,0.00941530840229979,8.31349653776586,0.895339317491541,22.0987512171744,37.7409807642301,16.4424961872024,904.769037236625,5.85172081,5.276965895,5.276965895,5.492118326,5.285394441,96.08252376,3.917476238,"9","Wed","Jul"
2022-07-25,6.02483024095178,9.5468126085974,495.3,0.97,19.82,5.44,9.29,475.48,227.17,230.98,0.98,0.257040117095696,0.0133166906198442,8.76114877758341,1.51950854235617,21.7818165203922,39.0353320837021,16.7910107472632,657.378966525351,5.823716164,5.276965895,5.276965895,5.492118326,5.285394441,96.08252376,3.917476238,"9","Mon","Jul"
2022-07-27,5.35076384192058,10.1658518170036,495.3,0.97,19.82,5.44,9.29,475.48,227.17,230.98,0.98,0.375393556707734,0.00517625627966696,8.23717400597368,0.951767483425637,21.851135578091,40.1820191542308,17.0640179862445,859.088008379784,5.220823288,5.276965895,5.276965895,5.492118326,5.285394441,96.08252376,3.917476238,"9","Wed","Jul"
2022-08-01,6.07575026982603,9.89847501071258,687.5,1,17.05,6.64,8.34,670.45,304.17,302.01,1.01,0.350962075686212,0.0777068875801712,8.06187455506931,1.11385303870876,22.0344807885311,37.0598870118459,16.4285126590029,669.473749592794,3.864793301,5.276965895,5.276965895,5.492118326,5.285394441,96.08252376,3.917476238,"9","Mon","Aug"
2022-08-03,5.35046188005429,10.6237634004843,687.5,1,17.05,6.64,8.34,670.45,304.17,302.01,1.01,0.40025259570496,0.00609779441748732,8.041900871731,1.2197116843724,22.1873254367375,36.2729579210281,16.3359170676416,842.908662643709,4.348344803,5.276965895,5.276965895,5.492118326,5.285394441,96.08252376,3.917476238,"9","Wed","Aug"
2022-08-08,5.56184897876754,10.7385682289847,485,0.77,51.28,11.59,12.62,433.76,220.2,288.46,0.76,0.464939949826017,0.0384996279776763,7.79867865010766,1.78975611926894,22.0048001084453,35.5306920607885,16.7434452135635,852.637303094016,5.63346386,5.276965895,5.276965895,5.492118326,5.285394441,96.08252376,3.917476238,"9","Mon","Aug"
2022-08-10,6.32134697405014,10.6805162170768,485,0.77,51.28,11.59,12.62,433.76,220.2,288.46,0.76,0.303333159428071,0.00271731851692884,8.27230458765207,1.37980797727716,22.3975381173873,36.5298737486204,16.3455531242524,746.182239276335,5.8735466,5.276965895,5.276965895,5.492118326,5.285394441,96.08252376,3.917476238,"9","Wed","Aug"
2022-08-15,4.70103453593683,10.3981837943722,540.6,0.52,8.71,6.8,7.99,531.91,104.76,207.12,0.51,0.343222128072702,0.00216036307110308,7.472683602844,1.33149042759243,22.4786571964004,34.4856387178103,16.0058167922193,712.117031764762,4.048686504,5.276965895,5.276965895,5.492118326,5.285394441,96.08252376,3.917476238,"9","Mon","Aug"
2022-08-22,6.00307907952868,9.97114620100994,611.4,0.52,18.9,6.32,7.99,592.52,298.69,207.12,0.51,6.67330955913766,0,0,0.209999993443489,22.5284301235116,19.8457546234131,0,535.300163748267,5.967871189,5.276965895,5.276965895,5.492118326,5.285394441,96.08252376,3.917476238,"9","Mon","Aug"
2022-08-29,6.28313574542995,9.75266466280154,528,0.52,7.77,4.27,7.99,520.27,271.09,207.12,0.51,6.7116289560903,0,0,5,22.5368138559856,19.8457546234131,0,520.729801108234,5.967871189,5.276965895,5.276965895,5.492118326,5.285394441,96.08252376,3.917476238,"9","Mon","Aug"
2022-08-31,1.01128846049643,10.2784934531596,528,0.52,7.77,4.27,7.99,520.27,271.09,207.12,0.51,6.47691806642305,0,0,5,22.8313314319061,19.8457546234131,0,512.885021634459,5.967871189,5.276965895,5.276965895,5.492118326,5.285394441,96.08252376,3.917476238,"9","Wed","Aug"
2022-09-07,5.16741179600118,10.3920675673548,501.1,0.52,33.15,4.27,7.99,467.99,271.09,207.12,0.51,6.39517101970973,0,0,5,22.9725984163186,19.8457546234131,0,517.404896187744,5.509442329,5.276965895,5.276965895,5.492118326,5.285394441,96.08252376,3.917476238,"9","Wed","Sep"
2022-09-12,3.20930637385205,11.5617156291397,563.7,0.52,22.89,4.27,7.99,540.81,271.09,207.12,0.51,7.13888277572634,0,0,5,22.4560242278843,19.8457546234131,0,534.816391892915,3.366891861,3.713467001,3.713467001,3.97369657,3.730508924,93.45119679,6.548803214,"9","Mon","Sep"
2022-09-14,-0.0388398333162634,11.5617156291397,563.7,0.52,22.89,4.27,7.99,540.81,271.09,207.12,0.51,7.04219587058793,0,0,5,22.5943879120542,19.8457546234131,0,543.000411006445,3.227658033,3.556247165,3.556247165,3.868970878,3.581524202,91.91713449,8.082865511,"9","Wed","Sep"
2022-09-19,1.12045720101445,11.0806029026922,474.8,0.52,19.14,4.27,7.99,455.62,271.09,207.12,0.51,6.81147336134369,0,0,5,22.6026753727081,19.8457546234131,0,536.360521787081,3.2501266,3.556247165,3.556247165,3.868970878,3.581524202,91.91713449,8.082865511,"9","Mon","Sep"
2022-09-21,3.79440124708846,11.9511803959014,474.8,0.52,19.14,4.27,7.99,455.62,271.09,207.12,0.51,7.97648362288375,0,0,5,22.3541679593403,19.8457546234131,0,556.214956586642,3.482518911,3.65836648,3.65836648,4.021799284,3.691208349,90.96342761,9.036572391,"9","Wed","Sep"
2022-09-26,5.63895531157695,10.3352699689617,474.8,0.52,19.14,4.27,7.99,455.62,271.09,207.12,0.51,7.32517480251667,0,0,5,22.3132664247837,19.8457546234131,0,536.250045904761,9.76516819,3.65836648,3.65836648,4.021799284,3.691208349,90.96342761,9.036572391,"9","Mon","Sep"
2022-09-29,6.96616604113855,9.49551931420985,474.8,0.52,19.14,4.27,7.99,455.62,271.09,207.12,0.51,7.04183387342768,0,0,5,22.2754104465933,19.8457546234131,0,525.581525032369,6.528345585,3.65836648,3.65836648,4.021799284,3.691208349,90.96342761,9.036572391,"9","Thu","Sep"
2022-10-03,7.21791020728598,9.0825070004663,474.8,0.52,19.14,4.27,7.99,455.62,271.09,207.12,0.51,7.71955731047559,0,0,5,22.1706851328844,19.8457546234131,0,559.227853685069,5.521759987,3.65836648,3.65836648,4.021799284,3.691208349,90.96342761,9.036572391,"9","Mon","Oct"
2022-10-13,5.35046188005429,10.6237634004843,474.8,0.52,19.14,4.27,7.99,455.62,271.09,207.12,0.51,8.3989907127938,0,0,5,21.4408983136106,19.8457546234131,0,511.117632846009,4.470857143,3.65836648,3.65836648,4.021799284,3.691208349,90.96342761,9.036572391,"9","Thu","Oct"
2022-10-18,6.43826831210904,10.5635948790179,474.8,0.52,19.14,4.27,7.99,455.62,271.09,207.12,0.51,8.49608633673101,0,0,5,21.4128358966333,19.8457546234131,0,514.399498458396,5.385267735,5.990675546,5.990675546,6.42252987,6.01971366,93.27594682,6.724053181,"9","Tue","Oct"
2022-10-26,5.35947178970137,10.0078475678604,474.8,0.52,19.14,4.27,7.99,455.62,271.09,207.12,0.51,8.74336177738477,0,0,5,21.015096542986,19.8457546234131,0,520.727753748669,4.109733105,5.990675546,5.990675546,6.42252987,6.01971366,93.27594682,6.724053181,"9","Wed","Oct"
2022-11-02,6.5893015478636,9.64212278840172,474.8,0.52,19.14,4.27,7.99,455.62,271.09,207.12,0.51,7.99258992619788,0,0,5,20.772459415167,19.8457546234131,0,360.137970240378,8.691123962,5.990675546,5.990675546,6.42252987,6.01971366,93.27594682,6.724053181,"9","Wed","Nov"
2022-11-03,4.56976825893718,9.35010231435134,474.8,0.52,19.14,4.27,7.99,455.62,271.09,207.12,0.51,9.57547848467068,0,0,5,20.4320650683647,19.8457546234131,0,381.838426784519,8.691123962,5.990675546,5.990675546,6.42252987,6.01971366,93.27594682,6.724053181,"9","Thu","Nov"
2022-11-08,6.20366407674288,9.59560277276683,474.8,0.52,19.14,4.27,7.99,455.62,271.09,207.12,0.51,8.41704285503427,0,0,2.16000008583069,20.1976622055043,19.8457546234131,0,375.069135403022,3.790801764,4.254405603,4.254405603,4.497680056,4.267564044,94.59111252,5.408887478,"9","Tue","Nov"
2022-11-10,3.51242301677238,10.0774408596596,474.8,0.52,19.14,4.27,7.99,455.62,271.09,207.12,0.51,9.53485503588234,0,0,2.16000008583069,19.9022679683597,19.8457546234131,0,368.439377513614,3.590902567,4.254405603,4.254405603,4.497680056,4.267564044,94.59111252,5.408887478,"9","Thu","Nov"
2022-11-15,6.3397712413762,9.57498348556409,474.8,0.52,19.14,4.27,7.99,455.62,271.09,207.12,0.51,9.97576405563388,0,0,2.16000008583069,19.3587444041752,19.8457546234131,0,379.545235433648,3.627154589,4.024925203,4.024925203,4.307168938,4.043420304,93.44711714,6.552882861,"9","Tue","Nov"
2022-11-17,7.54935113393132,9.00699944795815,474.8,0.52,19.14,4.27,7.99,455.62,271.09,207.12,0.51,10,0,0,2.16000008583069,19.1714711466166,19.8457546234131,0,374.879740417093,6.44219923,6.958404039,6.958404039,7.428804834,6.988190379,93.66788055,6.332119448,"9","Thu","Nov"
2022-11-29,6.91547732507605,9.46498259034976,268,2.88,28.56,11.17,3.7,239.42,88.76,30.95,2.87,10,0,0,2.16000008583069,18.0345560090737,19.8457546234131,0,375.209239149849,5.995271206,6.60989002,6.60989002,7.068590502,6.63965637,93.51072209,6.489277906,"9","Tue","Nov"
2022-12-01,3.64753357937564,9.79255599182885,268,2.88,28.56,11.17,3.7,239.42,88.76,30.95,2.87,9.09066007222555,0,0,2.16000008583069,18.0209917277615,19.8457546234131,0,372.607344989866,5.620130539,6.60989002,6.60989002,7.068590502,6.63965637,93.51072209,6.489277906,"9","Thu","Dec"
2022-12-06,7.24919852832537,9.75266466280154,277.2,3.48,22.14,10.28,2.43,255.1,101.26,29.59,3.42,9.49936338240444,0,0,2.16000008583069,17.8678607940674,19.8457546234131,0,374.749914169669,5.990705013,6.62478423,6.62478423,7.071619046,6.653018408,93.68129401,6.318705993,"9","Tue","Dec"
2022-12-08,4.9560311600614,9.5324238711453,277.2,3.48,22.14,10.28,2.43,255.1,101.26,29.59,3.42,9.7831945050389,0,0,2.16000008583069,17.6800850602126,19.8457546234131,0,382.993721740022,6.590054512,6.62478423,6.62478423,7.071619046,6.653018408,93.68129401,6.318705993,"9","Thu","Dec"
2022-12-13,6.13232197982458,9.38429367909962,180.7,3.1,13.4,5.19,1.84,167.28,64.17,20.56,3.12,10,0,0,2.16000008583069,17.4540191348125,19.8457546234131,0,382.807424809555,6.449737549,7.169716294,7.169716294,7.720261097,7.20897657,92.86883182,7.131168183,"9","Tue","Dec"
2022-12-20,5.60743471971988,10.0212705881925,246.8,2.9,14.92,6.47,2.23,231.89,79.91,27.54,2.9,9.73748740114738,0,0,2.16000008583069,16.9698593695131,19.8457546234131,0,379.232818506218,5.27617836,7.169716294,7.169716294,7.720261097,7.20897657,92.86883182,7.131168183,"9","Tue","Dec"
2022-12-27,5.74611683848276,9.82552601106642,246.8,2.9,14.92,6.47,2.23,231.89,79.91,27.54,2.9,10,0,0,2.16000008583069,16.2065338459625,19.8457546234131,0,356.810933249658,7.011218071,8.427779092,8.427779092,9.098644946,8.47724371,92.62674983,7.373250168,"9","Tue","Dec"
2023-01-03,-0.0489740045964595,10.2109722522841,30.8,1.24,15.4,5.5,2.48,15.4,62.91,52.89,1.19,10,0,0,2.16000008583069,16.0012587653904,19.8457546234131,0,374.589437953253,4.889582634,4.306232001,4.306232001,4.695713587,4.338537188,91.70559322,8.294406775,"9","Tue","Jan"
2023-01-05,6.8360113741233,10.1658518170036,30.8,1.24,15.4,5.5,2.48,15.4,62.91,52.89,1.19,10,0,0,1.35946579155388,15.9429433806584,19.8457546234131,0,380.388169331412,5.506845951,5.821970278,5.821970278,6.345684804,5.865192863,91.74691869,8.253081306,"9","Thu","Jan"
2023-01-10,5.48118701872431,9.62905070683437,30.8,1.24,15.4,5.5,2.48,15.4,62.91,52.89,1.19,10,0,0,2.16000008583069,15.7875932695275,19.8457546234131,0,365.061902735374,3.585878372,3.563068224,3.563068224,3.832293815,3.58198181,92.97481865,7.025181353,"9","Tue","Jan"
2023-01-12,1.39971738145203,9.60238245975221,422.1,2.77,95.43,23.37,8.29,326.69,110.74,40.13,2.76,10,0,0,2.16000008583069,15.8866369461586,19.8457546234131,0,372.666270123953,3.014899731,3.563068224,3.563068224,3.832293815,3.58198181,92.97481865,7.025181353,"9","Thu","Jan"
2023-01-17,5.98916833484763,9.29651806821724,422.1,2.77,95.43,23.37,8.29,326.69,110.74,40.13,2.76,10,0,0,2.16000008583069,15.652280721617,19.8457546234131,0,451.986606546702,5.354944229,3.563068224,3.563068224,3.832293815,3.58198181,92.97481865,7.025181353,"9","Tue","Jan"
2023-01-20,6.89775519564755,9.90847509404717,457.8,2.76,115.8,24.24,8.17,342.05,116.67,42.8,2.73,10,0,0,2.16000008583069,15.5408212435373,19.8457546234131,0,462.24017999778,5.323704243,3.563068224,3.563068224,3.832293815,3.58198181,92.97481865,7.025181353,"9","Fri","Jan"
2023-01-24,5.9698030503268,9.5468126085974,452.1,3.04,121.41,28.46,9.75,330.7,114.77,37.44,3.07,0.869153340044863,0.00086751658182569,9.97373058398657,3.21821905703125,15.4602674280605,35.3665936589241,16.1198370210239,857.02874519013,5.323704243,10.74506706,10.74506706,11.46977432,10.79085703,93.68159095,6.318409049,"9","Tue","Jan"
2023-01-27,5.76886909117609,9.34136863438259,452.1,3.04,121.41,28.46,9.75,330.7,114.77,37.44,3.07,1.7136741946409,0.00088540121507221,10.641817085795,3.72137627287262,15.3103007395769,40.4290683269501,16.7966019754416,1254.53718753234,5.776149273,10.74506706,10.74506706,11.46977432,10.79085703,93.68159095,6.318409049,"9","Fri","Jan"
2023-01-31,5.90793570974376,9.08930204359913,342.2,2.59,80.67,13.61,5.49,261.57,76.85,29.45,2.61,1.38681661323362,0.00047943275991991,10.8434191309196,3.32562422455651,14.9516720362827,43.2720985412598,17.4117302639986,1279.8818465402,6.227141857,6.26576934,6.26576934,6.68432375,6.291978093,93.73826843,6.261731567,"9","Tue","Jan"
2023-02-02,5.43598177275825,9.71715797434464,342.2,2.59,80.67,13.61,5.49,261.57,76.85,29.45,2.61,1.35801758059235,0.00120677796977612,9.97969348000044,2.39822784034028,15.0946356338466,43.2720985412598,17.0261951767957,1418.43332337683,6.390066147,6.24164683,6.24164683,6.705429577,6.273724482,93.0834745,6.916525499,"9","Thu","Feb"
2023-02-07,6.80031576049648,9.27799902045,404.1,2.72,64.14,17.24,6.32,339.94,108.9,40.12,2.71,1.31311754079663,0.00107520894941861,7.71772693684193,1.64397541771366,15.112418569301,43.2720985412598,15.2165495758443,1231.4288700308,6.390066147,17.31771774,17.31771774,18.77053315,17.43016381,92.26012709,7.739872908,"9","Tue","Feb"
2023-02-09,4.77969305029623,10.0690019910137,404.1,2.72,64.14,17.24,6.32,339.94,108.9,40.12,2.71,1.16290467989924,0.00068089022470094,7.56942787988623,1.57123749901618,15.0524283817245,43.2720985412598,15.0968205605256,1297.72170726127,6.390066147,17.5338843,17.5338843,19.3855554,17.71075238,90.44819163,9.551808366,"9","Thu","Feb"
2023-02-14,6.41999492814714,9.61580548008435,396.5,3.54,84.03120936,20.79011704,5.949128739,312.4837451,109.0701691,30.72249675,3.55,0.958935220644774,0.00352130978707394,6.59700993858735,1.08251431088893,15.1464207205507,43.2720985412598,14.3509693794398,1131.92344094302,5.955348015,7.157485594,7.157485594,7.811385456,7.212224287,91.62888753,8.371112472,"9","Tue","Feb"
2023-02-16,6.57274183182458,9.52515111181622,396.5,3.54,84.03120936,20.79011704,5.949128739,312.4837451,109.0701691,30.72249675,3.55,1.30060745919464,0.00073624013762005,8.14800831564794,0.476802693798426,14.954986552475,43.2720985412598,14.7091405124725,1154.40492217418,7.13566494,6.721111893,6.721111893,6.991967498,6.731604327,96.12618902,3.873810982,"9","Thu","Feb"
2023-02-21,5.65125727373774,10.0345158149425,396.5,3.54,84.03120936,20.79011704,5.949128739,312.4837451,109.0701691,30.72249675,3.55,0.728850790297167,0.0007450548193508,6.50599459090739,1.10326290862311,15.152839039323,43.2720985412598,14.4400445809382,875.696285646925,7.13566494,13.24555769,13.24555769,14.45306102,13.34644042,91.64534538,8.354654618,"9","Tue","Feb"
2023-02-24,5.06524496181325,10.2784934531596,387.6,3.49,88.53658537,20.94128049,5.16354878,299.0853659,105.2782317,31.02731707,3.39,0.735356465457728,0.00071045675514696,6.23398672603665,0.94981366970947,14.7216824865148,43.2720985412598,14.7731310445895,779.085415822471,8.977611542,13.24555769,13.24555769,14.45306102,13.34644042,91.64534538,8.354654618,"9","Fri","Feb"
2023-02-28,7.421316882567,7.97933889526233,444.8,3.64,101.1702128,21.60914894,5.461489362,343.6170213,121.1214894,33.75361702,3.59,0.91099601640682,0.0318780376599707,5.74509679722273,0.791767113100842,14.2745543493786,43.2720985412598,13.7452147567747,756.504793594807,6.262470245,6.181916401,6.181916401,6.744843041,6.228898428,91.65396975,8.346030251,"9","Tue","Feb"
2023-02-28,7.421316882567,7.97933889526233,441.9,3.61,117.3134328,24.97679104,7.963880597,324.6268657,112.0569403,29.98902985,3.74,0.91099601640682,0.0318780376599707,5.74509679722273,0.791767113100842,14.2745543493786,43.2720985412598,13.7452147567747,756.504793594807,6.262470245,6.181916401,6.181916401,6.744843041,6.228898428,91.65396975,8.346030251,"9","Tue","Feb"
2023-03-02,4.57965859833068,10.5891064666753,441.9,3.61,117.3134328,24.97679104,7.963880597,324.6268657,112.0569403,29.98902985,3.74,1.92284992759138,0.017388984266432,5.19844302403467,0.28234015816977,14.8174240728764,43.2720985412598,13.6933900304561,982.156077330503,6.21737957,5.632494815,5.632494815,6.141355678,5.674658042,91.71419325,8.285806749,"9","Thu","Mar"
2023-03-09,1.47797477287364,10.2255710517052,441.9,3.61,117.3134328,24.97679104,7.963880597,324.6268657,112.0569403,29.98902985,3.74,1.67596959635882,0.0222513614763716,7.14727523356295,0.734260930575701,15.0098948566186,43.2720985412598,14.0169763565063,1240.11593005816,12.33922768,10.80985151,10.80985151,11.66308711,10.8722716,92.68430736,7.315692642,"9","Thu","Mar"
2023-03-14,5.5060822254596,10.1226230824528,379.8,2.35,86.94915254,18.9440678,7.757627119,292.8813559,84.12711864,36.02711864,2.34,0.927324493036065,0.00105708071876958,7.83424437384373,1.63357427986869,15.1905896928023,43.2720985412598,14.0169763565063,1035.1685609692,8.484887123,10.80985151,10.80985151,11.66308711,10.8722716,92.68430736,7.315692642,"9","Tue","Mar"
2023-03-16,5.74289360477283,9.36734412078585,379.8,2.35,86.94915254,18.9440678,7.757627119,292.8813559,84.12711864,36.02711864,2.34,1.89554294480982,0.0140450774170666,6.50113665123926,0.304926317763338,15.1230276544749,43.2720985412598,14.0169763565063,1398.49786041089,8.067644119,7.007562881,7.007562881,7.678863999,7.066249321,91.25780691,8.742193091,"9","Thu","Mar"
2023-03-21,5.47284023085617,9.37585481045376,379.8,2.35,86.94915254,18.9440678,7.757627119,292.8813559,84.12711864,36.02711864,2.34,1.97834048807338,0.0228111212230135,6.06672922534054,0.316789897917398,15.3514148295904,43.2720985412598,14.0169763565063,1257.85346391076,3.494632483,4.8111644,4.8111644,5.219487446,4.843107711,92.17695128,7.82304872,"9","Tue","Mar"
2023-03-24,2.66913478485254,9.48036750918924,379.8,2.35,86.94915254,18.9440678,7.757627119,292.8813559,84.12711864,36.02711864,2.34,1.67968660711266,0.00118862540220208,6.00268688854686,0.822420753892013,15.364377750184,43.2720985412598,14.0169763565063,1064.76923403665,5.674162865,4.8111644,4.8111644,5.219487446,4.843107711,92.17695128,7.82304872,"9","Fri","Mar"
2023-03-28,2.6200393237795,8.60520406873895,443.9,2.4,104.0559441,16.5065035,8.14048951,339.8601399,90.83622378,36.4927972,2.49,2.47030764281109,0.00058814538273819,8.05123674624692,2.60702404435972,15.3277147283709,43.2720985412598,14.0169763565063,1253.60119134933,9.428341866,8.177122434,8.177122434,8.798129615,8.220955605,92.9416,7.058400003,"9","Tue","Mar"
2023-03-30,5.46481388219759,9.5324238711453,443.9,2.4,104.0559441,16.5065035,8.14048951,339.8601399,90.83622378,36.4927972,2.49,1.27750057323878,0.00097710081945135,6.75936629036678,1.42496417752752,15.514127493043,43.2720985412598,14.0169763565063,914.732397751036,10.76514626,9.314675975,9.314675975,10.12903375,9.380149011,91.96016326,8.039836737,"9","Thu","Mar"
2023-04-04,5.95572092791835,9.78695373628018,488.7,2.29,109.7368421,16.33781955,8.467894737,378.9473684,100.2505263,42.51338346,2.36,1.31959158689096,0.00047158388744209,6.6470003887842,1.46911193983555,15.4353837379192,43.2720985412598,14.0169763565063,933.743291184855,5.483862877,6.13651349,6.13651349,6.588920874,6.16757661,93.1338167,6.866183296,"9","Tue","Apr"
2023-04-06,5.57390739323479,9.65502619323763,488.7,2.29,109.7368421,16.33781955,8.467894737,378.9473684,100.2505263,42.51338346,2.36,1.21245492958603,0.0130059081803899,6.01146265973514,0.70495718348597,15.6987112806211,43.2720985412598,14.0169763565063,873.869383437555,4.506177902,5.501988332,5.501988332,5.973022355,5.539134192,92.11397523,7.886024773,"9","Thu","Apr"
2023-04-11,6.05684730637083,8.90923527919226,437.7,2.31,88.37545126,15.10223827,7.639061372,349.2779783,91.98259928,38.70303249,2.38,0.799124562977193,0.00187736143780021,7.94388774475467,2.95978184580289,16.1645908261891,43.2720985412598,14.0169763565063,874.488135069131,5.624781609,4.897017851,4.897017851,5.319172194,4.930521991,92.06353305,7.936466949,"9","Tue","Apr"
2023-04-18,6.4080254694712,8.87766093359367,417.3,2.96,95.09433962,16.27358491,6.587735849,322.1698113,94.04490566,30.67867925,3.07,1.69927004174048,0.00762648768278313,6.05836149134173,0.418675595052556,10.1933271765646,43.2720985412598,14.0169763565063,1309.39290615782,6.246373653,4.45328663,4.45328663,4.917478281,4.497104594,90.5603721,9.439627896,"9","Tue","Apr"
2023-04-20,6.98737290694683,9.11052003669397,417.3,2.96,95.09433962,16.27358491,6.587735849,322.1698113,94.04490566,30.67867925,3.07,1.65599356630251,0.014620112027091,6.38740783477305,0.79037656095139,16.4939358683769,43.2720985412598,14.0169763565063,1226.17605372414,5.763456345,5.048677749,5.048677749,5.482540397,5.083011613,92.08646691,7.913533089,"9","Thu","Apr"
2023-04-25,5.708158849256,10.0345158149425,345,2.63,70.92651757,14.2571885,5.322172524,274.1214058,89.85623003,34.27821086,2.62,1.33635347920751,0.00613744348373227,6.9624460996629,0.985652100795444,16.6056912177398,43.2720985412598,14.0169763565063,1251.55727930135,5.673823833,4.560507343,4.560507343,4.860283111,4.578997112,93.83213362,6.167866382,"9","Tue","Apr"
2023-04-28,5.2078033590072,9.65502619323763,345,2.63,70.92651757,14.2571885,5.322172524,274.1214058,89.85623003,34.27821086,2.62,1.44865893075623,0.0017252535136562,6.20089332548631,0.340933371963701,16.3024072783689,43.2720985412598,14.0169763565063,1146.47543843939,4.768269062,4.560507343,4.560507343,4.860283111,4.578997112,93.83213362,6.167866382,"9","Fri","Apr"
2023-05-02,5.60814056487703,9.90847509404717,345,2.63,70.92651757,14.2571885,5.322172524,274.1214058,89.85623003,34.27821086,2.62,1.6696969659817,0.00150942660814252,7.47537017439157,0.455205709276761,16.8399030287595,43.2720985412598,14.0169763565063,1337.80710366555,4.316402435,3.908220489,3.908220489,4.246874347,3.935225393,92.02580931,7.974190688,"9","Tue","May"
2023-05-04,3.13452756529806,10.0212705881925,345,2.63,70.92651757,14.2571885,5.322172524,274.1214058,89.85623003,34.27821086,2.62,1.38630122216643,0.00204501728728316,8.92679496478588,0.978037083976176,17.0453096580847,43.2720985412598,14.0169763565063,1192.53891372354,3.835803509,3.497517211,3.497517211,3.661055453,3.504822415,95.53303019,4.466969807,"9","Thu","May"
